sensor,importancia_media
umidade_solo_atual_pct,21.867338003456588
chuva_prevista_mm,2.8612422321013526
evapotranspiracao_mm_h,1.079331562839115
confianca_praga_visao,0.07276992279090116
temperatura_c,0.04422837902677157
dano_foliar_pct,0.0393976593437273
umidade_ar_pct,0.03265462000012492
vento_kmh,-0.0057329214759076486
